totalPrice;totalNumberOfChanges;totalWalkingDistance;totalWaitingTime;totalCost;valueForK;objective;restriction;restrictionValue;considerRestrictions;sourceName;targetName;finiteAutomaton;lowerIntervalTT;upperIntervalTT;lowerIntervalPrice;upperIntervalPrice;lowerIntervalChanges;upperIntervalChanges;lowerIntervalWalkingDistance;upperIntervalWalkingDistance;lowerIntervalWaitingTime;upperIntervalWaitingTime;finalSolutionUsedLabels;finalSolutionAllowedLabels;runtimeInSeconds;experimentIterationSkipped;experimentUsedSolutionFoundWhileDeterminingIntervals;numberOfIterations;numberOfAnalyzedArcs;consideredPreferences
29.906561747098994;0;0.0;0;29.906561747098994;128;price;travelTime;32591.0;TRUE;Aachen;Dortmund;all;7150.0;32591.0;29.906561747098994;46.488330011160365;0;0;0.0;0.0;0;0;[db_fv, blablacar, flixbus];[db_fv, flixbus, car, flight, blablacar, foot, vbb, rnv, swu, aav, hvv, leipzig, mvv, vgn, vvs];0.1772763;FALSE;TRUE;1187;24936;[travelTime, price]
29.906561747098994;0;0.0;0;29.906561747098994;64;price;travelTime;25854.78125;TRUE;Aachen;Dortmund;ptOnly;8640.0;32591.0;29.906561747098994;57.30641768024271;0;0;0.0;0.0;0;0;[db_fv, blablacar, flixbus];[db_fv, flixbus, car, flight, blablacar, foot, vbb, rnv, swu, aav, hvv, leipzig, mvv, vgn, vvs];0.21941370000000002;TRUE;FALSE;1344;114083;[travelTime, price]
29.906561747098994;0;0.0;0;29.906561747098994;64;price;travelTime;25480.546875;TRUE;Aachen;Dortmund;ptOnly;8640.0;32591.0;29.906561747098994;57.30641768024271;0;0;0.0;0.0;0;0;[db_fv, blablacar, flixbus];[db_fv, flixbus, car, flight, blablacar, foot, vbb, rnv, swu, aav, hvv, leipzig, mvv, vgn, vvs];0.21941370000000002;TRUE;FALSE;1344;114083;[travelTime, price]
29.906561747098994;0;0.0;0;29.906561747098994;64;price;travelTime;25106.3125;TRUE;Aachen;Dortmund;ptOnly;8640.0;32591.0;29.906561747098994;57.30641768024271;0;0;0.0;0.0;0;0;[db_fv, blablacar, flixbus];[db_fv, flixbus, car, flight, blablacar, foot, vbb, rnv, swu, aav, hvv, leipzig, mvv, vgn, vvs];0.21941370000000002;TRUE;FALSE;1344;114083;[travelTime, price]
29.906561747098994;0;0.0;0;29.906561747098994;64;price;travelTime;24732.078125;TRUE;Aachen;Dortmund;ptOnly;8640.0;32591.0;29.906561747098994;57.30641768024271;0;0;0.0;0.0;0;0;[db_fv, blablacar, flixbus];[db_fv, flixbus, car, flight, blablacar, foot, vbb, rnv, swu, aav, hvv, leipzig, mvv, vgn, vvs];0.21941370000000002;TRUE;FALSE;1344;114083;[travelTime, price]
29.906561747098994;0;0.0;0;29.906561747098994;64;price;travelTime;24357.84375;TRUE;Aachen;Dortmund;ptOnly;8640.0;32591.0;29.906561747098994;57.30641768024271;0;0;0.0;0.0;0;0;[db_fv, blablacar, flixbus];[db_fv, flixbus, car, flight, blablacar, foot, vbb, rnv, swu, aav, hvv, leipzig, mvv, vgn, vvs];0.21941370000000002;TRUE;FALSE;1344;114083;[travelTime, price]
29.906561747098994;0;0.0;0;29.906561747098994;64;price;travelTime;23983.609375;TRUE;Aachen;Dortmund;ptOnly;8640.0;32591.0;29.906561747098994;57.30641768024271;0;0;0.0;0.0;0;0;[db_fv, blablacar, flixbus];[db_fv, flixbus, car, flight, blablacar, foot, vbb, rnv, swu, aav, hvv, leipzig, mvv, vgn, vvs];0.21941370000000002;TRUE;FALSE;1344;114083;[travelTime, price]
29.906561747098994;0;0.0;0;29.906561747098994;64;price;travelTime;23609.375;TRUE;Aachen;Dortmund;ptOnly;8640.0;32591.0;29.906561747098994;57.30641768024271;0;0;0.0;0.0;0;0;[db_fv, blablacar, flixbus];[db_fv, flixbus, car, flight, blablacar, foot, vbb, rnv, swu, aav, hvv, leipzig, mvv, vgn, vvs];0.21941370000000002;TRUE;FALSE;1344;114083;[travelTime, price]
29.906561747098994;0;0.0;0;29.906561747098994;64;price;travelTime;23235.140625;TRUE;Aachen;Dortmund;ptOnly;8640.0;32591.0;29.906561747098994;57.30641768024271;0;0;0.0;0.0;0;0;[db_fv, blablacar, flixbus];[db_fv, flixbus, car, flight, blablacar, foot, vbb, rnv, swu, aav, hvv, leipzig, mvv, vgn, vvs];0.21941370000000002;TRUE;FALSE;1344;114083;[travelTime, price]
29.906561747098994;0;0.0;0;29.906561747098994;64;price;travelTime;22860.90625;TRUE;Aachen;Dortmund;ptOnly;8640.0;32591.0;29.906561747098994;57.30641768024271;0;0;0.0;0.0;0;0;[db_fv, blablacar, flixbus];[db_fv, flixbus, car, flight, blablacar, foot, vbb, rnv, swu, aav, hvv, leipzig, mvv, vgn, vvs];0.21941370000000002;TRUE;FALSE;1344;114083;[travelTime, price]
29.906561747098994;0;0.0;0;29.906561747098994;64;price;travelTime;22486.671875;TRUE;Aachen;Dortmund;ptOnly;8640.0;32591.0;29.906561747098994;57.30641768024271;0;0;0.0;0.0;0;0;[db_fv, blablacar, flixbus];[db_fv, flixbus, car, flight, blablacar, foot, vbb, rnv, swu, aav, hvv, leipzig, mvv, vgn, vvs];0.21941370000000002;TRUE;FALSE;1344;114083;[travelTime, price]
29.906561747098994;0;0.0;0;29.906561747098994;64;price;travelTime;22112.4375;TRUE;Aachen;Dortmund;ptOnly;8640.0;32591.0;29.906561747098994;57.30641768024271;0;0;0.0;0.0;0;0;[db_fv, blablacar, flixbus];[db_fv, flixbus, car, flight, blablacar, foot, vbb, rnv, swu, aav, hvv, leipzig, mvv, vgn, vvs];0.21941370000000002;TRUE;FALSE;1344;114083;[travelTime, price]
29.906561747098994;0;0.0;0;29.906561747098994;64;price;travelTime;21738.203125;TRUE;Aachen;Dortmund;ptOnly;8640.0;32591.0;29.906561747098994;57.30641768024271;0;0;0.0;0.0;0;0;[db_fv, blablacar, flixbus];[db_fv, flixbus, car, flight, blablacar, foot, vbb, rnv, swu, aav, hvv, leipzig, mvv, vgn, vvs];0.21941370000000002;TRUE;FALSE;1344;114083;[travelTime, price]
29.906561747098994;0;0.0;0;29.906561747098994;64;price;travelTime;21363.96875;TRUE;Aachen;Dortmund;ptOnly;8640.0;32591.0;29.906561747098994;57.30641768024271;0;0;0.0;0.0;0;0;[db_fv, blablacar, flixbus];[db_fv, flixbus, car, flight, blablacar, foot, vbb, rnv, swu, aav, hvv, leipzig, mvv, vgn, vvs];0.21941370000000002;TRUE;FALSE;1344;114083;[travelTime, price]
29.906561747098994;0;0.0;0;29.906561747098994;64;price;travelTime;20989.734375;TRUE;Aachen;Dortmund;ptOnly;8640.0;32591.0;29.906561747098994;57.30641768024271;0;0;0.0;0.0;0;0;[db_fv, blablacar, flixbus];[db_fv, flixbus, car, flight, blablacar, foot, vbb, rnv, swu, aav, hvv, leipzig, mvv, vgn, vvs];0.21941370000000002;TRUE;FALSE;1344;114083;[travelTime, price]
29.906561747098994;0;0.0;0;29.906561747098994;64;price;travelTime;20615.5;TRUE;Aachen;Dortmund;ptOnly;8640.0;32591.0;29.906561747098994;57.30641768024271;0;0;0.0;0.0;0;0;[db_fv, blablacar, flixbus];[db_fv, flixbus, car, flight, blablacar, foot, vbb, rnv, swu, aav, hvv, leipzig, mvv, vgn, vvs];0.21941370000000002;TRUE;FALSE;1344;114083;[travelTime, price]
29.906561747098994;0;0.0;0;29.906561747098994;64;price;travelTime;20241.265625;TRUE;Aachen;Dortmund;ptOnly;8640.0;32591.0;29.906561747098994;57.30641768024271;0;0;0.0;0.0;0;0;[db_fv, blablacar, flixbus];[db_fv, flixbus, car, flight, blablacar, foot, vbb, rnv, swu, aav, hvv, leipzig, mvv, vgn, vvs];0.21941370000000002;TRUE;FALSE;1344;114083;[travelTime, price]
29.906561747098994;0;0.0;0;29.906561747098994;64;price;travelTime;19867.03125;TRUE;Aachen;Dortmund;ptOnly;8640.0;32591.0;29.906561747098994;57.30641768024271;0;0;0.0;0.0;0;0;[db_fv, blablacar, flixbus];[db_fv, flixbus, car, flight, blablacar, foot, vbb, rnv, swu, aav, hvv, leipzig, mvv, vgn, vvs];0.13450979999999998;FALSE;FALSE;757;63223;[travelTime, price]
29.906561747098994;0;0.0;0;29.906561747098994;64;price;travelTime;19492.796875;TRUE;Aachen;Dortmund;ptOnly;8640.0;32591.0;29.906561747098994;57.30641768024271;0;0;0.0;0.0;0;0;[db_fv, blablacar, flixbus];[db_fv, flixbus, car, flight, blablacar, foot, vbb, rnv, swu, aav, hvv, leipzig, mvv, vgn, vvs];0.13450979999999998;TRUE;FALSE;757;63223;[travelTime, price]
34.0444861987937;0;0.0;0;34.0444861987937;64;price;travelTime;19118.5625;TRUE;Aachen;Dortmund;ptOnly;8640.0;32591.0;29.906561747098994;57.30641768024271;0;0;0.0;0.0;0;0;[db_fv, blablacar, db_fv];[db_fv, flixbus, car, flight, blablacar, foot, vbb, rnv, swu, aav, hvv, leipzig, mvv, vgn, vvs];1.3422596000000002;FALSE;FALSE;1739;188319;[travelTime, price]
34.0444861987937;0;0.0;0;34.0444861987937;64;price;travelTime;18744.328125;TRUE;Aachen;Dortmund;ptOnly;8640.0;32591.0;29.906561747098994;57.30641768024271;0;0;0.0;0.0;0;0;[db_fv, blablacar, db_fv];[db_fv, flixbus, car, flight, blablacar, foot, vbb, rnv, swu, aav, hvv, leipzig, mvv, vgn, vvs];1.3422596000000002;TRUE;FALSE;1739;188319;[travelTime, price]
34.0444861987937;0;0.0;0;34.0444861987937;64;price;travelTime;18370.09375;TRUE;Aachen;Dortmund;ptOnly;8640.0;32591.0;29.906561747098994;57.30641768024271;0;0;0.0;0.0;0;0;[db_fv, blablacar, db_fv];[db_fv, flixbus, car, flight, blablacar, foot, vbb, rnv, swu, aav, hvv, leipzig, mvv, vgn, vvs];1.3422596000000002;TRUE;FALSE;1739;188319;[travelTime, price]
34.49298371463477;0;0.0;0;34.49298371463477;64;price;travelTime;17995.859375;TRUE;Aachen;Dortmund;ptOnly;8640.0;32591.0;29.906561747098994;57.30641768024271;0;0;0.0;0.0;0;0;[db_fv, flixbus];[db_fv, flixbus, car, flight, blablacar, foot, vbb, rnv, swu, aav, hvv, leipzig, mvv, vgn, vvs];1.3564771999999998;FALSE;FALSE;1664;180438;[travelTime, price]
34.49298371463477;0;0.0;0;34.49298371463477;64;price;travelTime;17621.625;TRUE;Aachen;Dortmund;ptOnly;8640.0;32591.0;29.906561747098994;57.30641768024271;0;0;0.0;0.0;0;0;[db_fv, flixbus];[db_fv, flixbus, car, flight, blablacar, foot, vbb, rnv, swu, aav, hvv, leipzig, mvv, vgn, vvs];1.3564771999999998;TRUE;FALSE;1664;180438;[travelTime, price]
34.49298371463477;0;0.0;0;34.49298371463477;64;price;travelTime;17247.390625;TRUE;Aachen;Dortmund;ptOnly;8640.0;32591.0;29.906561747098994;57.30641768024271;0;0;0.0;0.0;0;0;[db_fv, flixbus];[db_fv, flixbus, car, flight, blablacar, foot, vbb, rnv, swu, aav, hvv, leipzig, mvv, vgn, vvs];1.3564771999999998;TRUE;FALSE;1664;180438;[travelTime, price]
34.49298371463477;0;0.0;0;34.49298371463477;64;price;travelTime;16873.15625;TRUE;Aachen;Dortmund;ptOnly;8640.0;32591.0;29.906561747098994;57.30641768024271;0;0;0.0;0.0;0;0;[db_fv, flixbus];[db_fv, flixbus, car, flight, blablacar, foot, vbb, rnv, swu, aav, hvv, leipzig, mvv, vgn, vvs];1.3564771999999998;TRUE;FALSE;1664;180438;[travelTime, price]
34.493029848997736;0;0.0;0;34.493029848997736;64;price;travelTime;16498.921875;TRUE;Aachen;Dortmund;ptOnly;8640.0;32591.0;29.906561747098994;57.30641768024271;0;0;0.0;0.0;0;0;[db_fv, flixbus];[db_fv, flixbus, car, flight, blablacar, foot, vbb, rnv, swu, aav, hvv, leipzig, mvv, vgn, vvs];0.9925728000000001;FALSE;FALSE;1558;171863;[travelTime, price]
35.48202279984888;0;0.0;0;35.48202279984888;64;price;travelTime;16124.6875;TRUE;Aachen;Dortmund;ptOnly;8640.0;32591.0;29.906561747098994;57.30641768024271;0;0;0.0;0.0;0;0;[db_fv, blablacar, db_fv];[db_fv, flixbus, car, flight, blablacar, foot, vbb, rnv, swu, aav, hvv, leipzig, mvv, vgn, vvs];1.3287437;FALSE;FALSE;1646;175342;[travelTime, price]
35.48202279984888;0;0.0;0;35.48202279984888;64;price;travelTime;15750.453125;TRUE;Aachen;Dortmund;ptOnly;8640.0;32591.0;29.906561747098994;57.30641768024271;0;0;0.0;0.0;0;0;[db_fv, blablacar, db_fv];[db_fv, flixbus, car, flight, blablacar, foot, vbb, rnv, swu, aav, hvv, leipzig, mvv, vgn, vvs];1.3287437;TRUE;FALSE;1646;175342;[travelTime, price]
35.48202279984888;0;0.0;0;35.48202279984888;64;price;travelTime;15376.21875;TRUE;Aachen;Dortmund;ptOnly;8640.0;32591.0;29.906561747098994;57.30641768024271;0;0;0.0;0.0;0;0;[db_fv, blablacar, db_fv];[db_fv, flixbus, car, flight, blablacar, foot, vbb, rnv, swu, aav, hvv, leipzig, mvv, vgn, vvs];1.3287437;TRUE;FALSE;1646;175342;[travelTime, price]
35.48202279984888;0;0.0;0;35.48202279984888;64;price;travelTime;15001.984375;TRUE;Aachen;Dortmund;ptOnly;8640.0;32591.0;29.906561747098994;57.30641768024271;0;0;0.0;0.0;0;0;[db_fv, blablacar, db_fv];[db_fv, flixbus, car, flight, blablacar, foot, vbb, rnv, swu, aav, hvv, leipzig, mvv, vgn, vvs];1.3287437;TRUE;FALSE;1646;175342;[travelTime, price]
36.23875693413915;0;0.0;0;36.23875693413915;64;price;travelTime;14627.75;TRUE;Aachen;Dortmund;ptOnly;8640.0;32591.0;29.906561747098994;57.30641768024271;0;0;0.0;0.0;0;0;[db_fv, flixbus];[db_fv, flixbus, car, flight, blablacar, foot, vbb, rnv, swu, aav, hvv, leipzig, mvv, vgn, vvs];0.7605381;FALSE;FALSE;1692;182241;[travelTime, price]
36.23875693413915;0;0.0;0;36.23875693413915;64;price;travelTime;14253.515625;TRUE;Aachen;Dortmund;ptOnly;8640.0;32591.0;29.906561747098994;57.30641768024271;0;0;0.0;0.0;0;0;[db_fv, flixbus];[db_fv, flixbus, car, flight, blablacar, foot, vbb, rnv, swu, aav, hvv, leipzig, mvv, vgn, vvs];0.5301303;FALSE;FALSE;1620;176844;[travelTime, price]
36.23875693413915;0;0.0;0;36.23875693413915;64;price;travelTime;13879.28125;TRUE;Aachen;Dortmund;ptOnly;8640.0;32591.0;29.906561747098994;57.30641768024271;0;0;0.0;0.0;0;0;[db_fv, flixbus];[db_fv, flixbus, car, flight, blablacar, foot, vbb, rnv, swu, aav, hvv, leipzig, mvv, vgn, vvs];0.5301303;TRUE;FALSE;1620;176844;[travelTime, price]
36.23875693413915;0;0.0;0;36.23875693413915;64;price;travelTime;13505.046875;TRUE;Aachen;Dortmund;ptOnly;8640.0;32591.0;29.906561747098994;57.30641768024271;0;0;0.0;0.0;0;0;[db_fv, flixbus];[db_fv, flixbus, car, flight, blablacar, foot, vbb, rnv, swu, aav, hvv, leipzig, mvv, vgn, vvs];0.5301303;TRUE;FALSE;1620;176844;[travelTime, price]
36.23875693413915;0;0.0;0;36.23875693413915;64;price;travelTime;13130.8125;TRUE;Aachen;Dortmund;ptOnly;8640.0;32591.0;29.906561747098994;57.30641768024271;0;0;0.0;0.0;0;0;[db_fv, flixbus];[db_fv, flixbus, car, flight, blablacar, foot, vbb, rnv, swu, aav, hvv, leipzig, mvv, vgn, vvs];0.5301303;TRUE;FALSE;1620;176844;[travelTime, price]
36.23875693413915;0;0.0;0;36.23875693413915;64;price;travelTime;12756.578125;TRUE;Aachen;Dortmund;ptOnly;8640.0;32591.0;29.906561747098994;57.30641768024271;0;0;0.0;0.0;0;0;[db_fv, flixbus];[db_fv, flixbus, car, flight, blablacar, foot, vbb, rnv, swu, aav, hvv, leipzig, mvv, vgn, vvs];0.5301303;TRUE;FALSE;1620;176844;[travelTime, price]
36.23875693413915;0;0.0;0;36.23875693413915;64;price;travelTime;12382.34375;TRUE;Aachen;Dortmund;ptOnly;8640.0;32591.0;29.906561747098994;57.30641768024271;0;0;0.0;0.0;0;0;[db_fv, flixbus];[db_fv, flixbus, car, flight, blablacar, foot, vbb, rnv, swu, aav, hvv, leipzig, mvv, vgn, vvs];0.5301303;TRUE;FALSE;1620;176844;[travelTime, price]
36.23875693413915;0;0.0;0;36.23875693413915;64;price;travelTime;12008.109375;TRUE;Aachen;Dortmund;ptOnly;8640.0;32591.0;29.906561747098994;57.30641768024271;0;0;0.0;0.0;0;0;[db_fv, flixbus];[db_fv, flixbus, car, flight, blablacar, foot, vbb, rnv, swu, aav, hvv, leipzig, mvv, vgn, vvs];0.470671;FALSE;FALSE;1181;130609;[travelTime, price]
36.23875693413915;0;0.0;0;36.23875693413915;64;price;travelTime;11633.875;TRUE;Aachen;Dortmund;ptOnly;8640.0;32591.0;29.906561747098994;57.30641768024271;0;0;0.0;0.0;0;0;[db_fv, flixbus];[db_fv, flixbus, car, flight, blablacar, foot, vbb, rnv, swu, aav, hvv, leipzig, mvv, vgn, vvs];0.470671;TRUE;FALSE;1181;130609;[travelTime, price]
36.23875693413915;0;0.0;0;36.23875693413915;64;price;travelTime;11259.640625;TRUE;Aachen;Dortmund;ptOnly;8640.0;32591.0;29.906561747098994;57.30641768024271;0;0;0.0;0.0;0;0;[db_fv, flixbus];[db_fv, flixbus, car, flight, blablacar, foot, vbb, rnv, swu, aav, hvv, leipzig, mvv, vgn, vvs];0.470671;TRUE;FALSE;1181;130609;[travelTime, price]
41.139615955342045;0;0.0;0;41.139615955342045;64;price;travelTime;10885.40625;TRUE;Aachen;Dortmund;ptOnly;8640.0;32591.0;29.906561747098994;57.30641768024271;0;0;0.0;0.0;0;0;[db_fv, flixbus, db_fv];[db_fv, flixbus, car, flight, blablacar, foot, vbb, rnv, swu, aav, hvv, leipzig, mvv, vgn, vvs];0.609973;FALSE;FALSE;1217;128769;[travelTime, price]
41.139615955342045;0;0.0;0;41.139615955342045;64;price;travelTime;10511.171875;TRUE;Aachen;Dortmund;ptOnly;8640.0;32591.0;29.906561747098994;57.30641768024271;0;0;0.0;0.0;0;0;[db_fv, flixbus, db_fv];[db_fv, flixbus, car, flight, blablacar, foot, vbb, rnv, swu, aav, hvv, leipzig, mvv, vgn, vvs];0.609973;TRUE;FALSE;1217;128769;[travelTime, price]
41.139615955342045;0;0.0;0;41.139615955342045;64;price;travelTime;10136.9375;TRUE;Aachen;Dortmund;ptOnly;8640.0;32591.0;29.906561747098994;57.30641768024271;0;0;0.0;0.0;0;0;[db_fv, flixbus, db_fv];[db_fv, flixbus, car, flight, blablacar, foot, vbb, rnv, swu, aav, hvv, leipzig, mvv, vgn, vvs];0.609973;TRUE;FALSE;1217;128769;[travelTime, price]
41.139615955342045;0;0.0;0;41.139615955342045;64;price;travelTime;9762.703125;TRUE;Aachen;Dortmund;ptOnly;8640.0;32591.0;29.906561747098994;57.30641768024271;0;0;0.0;0.0;0;0;[db_fv, flixbus, db_fv];[db_fv, flixbus, car, flight, blablacar, foot, vbb, rnv, swu, aav, hvv, leipzig, mvv, vgn, vvs];0.609973;TRUE;FALSE;1217;128769;[travelTime, price]
48.41278235908908;0;0.0;0;48.41278235908908;64;price;travelTime;9388.46875;TRUE;Aachen;Dortmund;ptOnly;8640.0;32591.0;29.906561747098994;57.30641768024271;0;0;0.0;0.0;0;0;[db_fv];[db_fv, flixbus, car, flight, blablacar, foot, vbb, rnv, swu, aav, hvv, leipzig, mvv, vgn, vvs];0.46373640000000005;FALSE;FALSE;937;95939;[travelTime, price]
48.41278235908908;0;0.0;0;48.41278235908908;64;price;travelTime;9014.234375;TRUE;Aachen;Dortmund;ptOnly;8640.0;32591.0;29.906561747098994;57.30641768024271;0;0;0.0;0.0;0;0;[db_fv];[db_fv, flixbus, car, flight, blablacar, foot, vbb, rnv, swu, aav, hvv, leipzig, mvv, vgn, vvs];0.46373640000000005;TRUE;FALSE;937;95939;[travelTime, price]
57.30641768024271;0;0.0;0;57.30641768024271;64;price;travelTime;8640.0;TRUE;Aachen;Dortmund;ptOnly;8640.0;32591.0;29.906561747098994;57.30641768024271;0;0;0.0;0.0;0;0;[db_fv];[db_fv, flixbus, car, flight, blablacar, foot, vbb, rnv, swu, aav, hvv, leipzig, mvv, vgn, vvs];0.3611192;FALSE;FALSE;791;79250;[travelTime, price]
57.30641768024271;0;0.0;0;8640.0;64;travelTime;price;57.30641768024271;TRUE;Aachen;Dortmund;ptOnly;8640.0;32591.0;29.906561747098994;57.30641768024271;0;0;0.0;0.0;0;0;[db_fv];[db_fv, flixbus, car, flight, blablacar, foot, vbb, rnv, swu, aav, hvv, leipzig, mvv, vgn, vvs];1.2564828000000001;FALSE;TRUE;833;79250;[travelTime, price]
48.41278235908908;0;0.0;0;8940.0;64;travelTime;price;56.87829493128734;TRUE;Aachen;Dortmund;ptOnly;8640.0;32591.0;29.906561747098994;57.30641768024271;0;0;0.0;0.0;0;0;[db_fv];[db_fv, flixbus, car, flight, blablacar, foot, vbb, rnv, swu, aav, hvv, leipzig, mvv, vgn, vvs];1.4729524999999999;FALSE;FALSE;829;84254;[travelTime, price]
48.41278235908908;0;0.0;0;8940.0;64;travelTime;price;56.450172182331976;TRUE;Aachen;Dortmund;ptOnly;8640.0;32591.0;29.906561747098994;57.30641768024271;0;0;0.0;0.0;0;0;[db_fv];[db_fv, flixbus, car, flight, blablacar, foot, vbb, rnv, swu, aav, hvv, leipzig, mvv, vgn, vvs];1.4729524999999999;TRUE;FALSE;829;84254;[travelTime, price]
48.41278235908908;0;0.0;0;8940.0;64;travelTime;price;56.0220494333766;TRUE;Aachen;Dortmund;ptOnly;8640.0;32591.0;29.906561747098994;57.30641768024271;0;0;0.0;0.0;0;0;[db_fv];[db_fv, flixbus, car, flight, blablacar, foot, vbb, rnv, swu, aav, hvv, leipzig, mvv, vgn, vvs];1.4729524999999999;TRUE;FALSE;829;84254;[travelTime, price]
48.41278235908908;0;0.0;0;8940.0;64;travelTime;price;55.59392668442123;TRUE;Aachen;Dortmund;ptOnly;8640.0;32591.0;29.906561747098994;57.30641768024271;0;0;0.0;0.0;0;0;[db_fv];[db_fv, flixbus, car, flight, blablacar, foot, vbb, rnv, swu, aav, hvv, leipzig, mvv, vgn, vvs];1.4729524999999999;TRUE;FALSE;829;84254;[travelTime, price]
48.41278235908908;0;0.0;0;8940.0;64;travelTime;price;55.16580393546586;TRUE;Aachen;Dortmund;ptOnly;8640.0;32591.0;29.906561747098994;57.30641768024271;0;0;0.0;0.0;0;0;[db_fv];[db_fv, flixbus, car, flight, blablacar, foot, vbb, rnv, swu, aav, hvv, leipzig, mvv, vgn, vvs];1.4729524999999999;TRUE;FALSE;829;84254;[travelTime, price]
48.41278235908908;0;0.0;0;8940.0;64;travelTime;price;54.73768118651049;TRUE;Aachen;Dortmund;ptOnly;8640.0;32591.0;29.906561747098994;57.30641768024271;0;0;0.0;0.0;0;0;[db_fv];[db_fv, flixbus, car, flight, blablacar, foot, vbb, rnv, swu, aav, hvv, leipzig, mvv, vgn, vvs];1.4729524999999999;TRUE;FALSE;829;84254;[travelTime, price]
48.41278235908908;0;0.0;0;8940.0;64;travelTime;price;54.30955843755511;TRUE;Aachen;Dortmund;ptOnly;8640.0;32591.0;29.906561747098994;57.30641768024271;0;0;0.0;0.0;0;0;[db_fv];[db_fv, flixbus, car, flight, blablacar, foot, vbb, rnv, swu, aav, hvv, leipzig, mvv, vgn, vvs];1.4729524999999999;TRUE;FALSE;829;84254;[travelTime, price]
48.41278235908908;0;0.0;0;8940.0;64;travelTime;price;53.88143568859974;TRUE;Aachen;Dortmund;ptOnly;8640.0;32591.0;29.906561747098994;57.30641768024271;0;0;0.0;0.0;0;0;[db_fv];[db_fv, flixbus, car, flight, blablacar, foot, vbb, rnv, swu, aav, hvv, leipzig, mvv, vgn, vvs];1.4729524999999999;TRUE;FALSE;829;84254;[travelTime, price]
48.41278235908908;0;0.0;0;8940.0;64;travelTime;price;53.453312939644384;TRUE;Aachen;Dortmund;ptOnly;8640.0;32591.0;29.906561747098994;57.30641768024271;0;0;0.0;0.0;0;0;[db_fv];[db_fv, flixbus, car, flight, blablacar, foot, vbb, rnv, swu, aav, hvv, leipzig, mvv, vgn, vvs];1.4729524999999999;TRUE;FALSE;829;84254;[travelTime, price]
48.41278235908908;0;0.0;0;8940.0;64;travelTime;price;53.025190190689;TRUE;Aachen;Dortmund;ptOnly;8640.0;32591.0;29.906561747098994;57.30641768024271;0;0;0.0;0.0;0;0;[db_fv];[db_fv, flixbus, car, flight, blablacar, foot, vbb, rnv, swu, aav, hvv, leipzig, mvv, vgn, vvs];1.4729524999999999;TRUE;FALSE;829;84254;[travelTime, price]
48.41278235908908;0;0.0;0;8940.0;64;travelTime;price;52.597067441733635;TRUE;Aachen;Dortmund;ptOnly;8640.0;32591.0;29.906561747098994;57.30641768024271;0;0;0.0;0.0;0;0;[db_fv];[db_fv, flixbus, car, flight, blablacar, foot, vbb, rnv, swu, aav, hvv, leipzig, mvv, vgn, vvs];1.4729524999999999;TRUE;FALSE;829;84254;[travelTime, price]
48.41278235908908;0;0.0;0;8940.0;64;travelTime;price;52.168944692778275;TRUE;Aachen;Dortmund;ptOnly;8640.0;32591.0;29.906561747098994;57.30641768024271;0;0;0.0;0.0;0;0;[db_fv];[db_fv, flixbus, car, flight, blablacar, foot, vbb, rnv, swu, aav, hvv, leipzig, mvv, vgn, vvs];1.4729524999999999;TRUE;FALSE;829;84254;[travelTime, price]
48.41278235908908;0;0.0;0;8940.0;64;travelTime;price;51.7408219438229;TRUE;Aachen;Dortmund;ptOnly;8640.0;32591.0;29.906561747098994;57.30641768024271;0;0;0.0;0.0;0;0;[db_fv];[db_fv, flixbus, car, flight, blablacar, foot, vbb, rnv, swu, aav, hvv, leipzig, mvv, vgn, vvs];1.4729524999999999;TRUE;FALSE;829;84254;[travelTime, price]
48.41278235908908;0;0.0;0;8940.0;64;travelTime;price;51.31269919486753;TRUE;Aachen;Dortmund;ptOnly;8640.0;32591.0;29.906561747098994;57.30641768024271;0;0;0.0;0.0;0;0;[db_fv];[db_fv, flixbus, car, flight, blablacar, foot, vbb, rnv, swu, aav, hvv, leipzig, mvv, vgn, vvs];1.4729524999999999;TRUE;FALSE;829;84254;[travelTime, price]
48.41278235908908;0;0.0;0;8940.0;64;travelTime;price;50.88457644591215;TRUE;Aachen;Dortmund;ptOnly;8640.0;32591.0;29.906561747098994;57.30641768024271;0;0;0.0;0.0;0;0;[db_fv];[db_fv, flixbus, car, flight, blablacar, foot, vbb, rnv, swu, aav, hvv, leipzig, mvv, vgn, vvs];1.4729524999999999;TRUE;FALSE;829;84254;[travelTime, price]
48.41278235908908;0;0.0;0;8940.0;64;travelTime;price;50.456453696956785;TRUE;Aachen;Dortmund;ptOnly;8640.0;32591.0;29.906561747098994;57.30641768024271;0;0;0.0;0.0;0;0;[db_fv];[db_fv, flixbus, car, flight, blablacar, foot, vbb, rnv, swu, aav, hvv, leipzig, mvv, vgn, vvs];1.4729524999999999;TRUE;FALSE;829;84254;[travelTime, price]
48.41278235908908;0;0.0;0;8940.0;64;travelTime;price;50.028330948001404;TRUE;Aachen;Dortmund;ptOnly;8640.0;32591.0;29.906561747098994;57.30641768024271;0;0;0.0;0.0;0;0;[db_fv];[db_fv, flixbus, car, flight, blablacar, foot, vbb, rnv, swu, aav, hvv, leipzig, mvv, vgn, vvs];1.4729524999999999;TRUE;FALSE;829;84254;[travelTime, price]
48.41278235908908;0;0.0;0;8940.0;64;travelTime;price;49.60020819904604;TRUE;Aachen;Dortmund;ptOnly;8640.0;32591.0;29.906561747098994;57.30641768024271;0;0;0.0;0.0;0;0;[db_fv];[db_fv, flixbus, car, flight, blablacar, foot, vbb, rnv, swu, aav, hvv, leipzig, mvv, vgn, vvs];1.4729524999999999;TRUE;FALSE;829;84254;[travelTime, price]
48.41278235908908;0;0.0;0;8940.0;64;travelTime;price;49.17208545009068;TRUE;Aachen;Dortmund;ptOnly;8640.0;32591.0;29.906561747098994;57.30641768024271;0;0;0.0;0.0;0;0;[db_fv];[db_fv, flixbus, car, flight, blablacar, foot, vbb, rnv, swu, aav, hvv, leipzig, mvv, vgn, vvs];1.4729524999999999;TRUE;FALSE;829;84254;[travelTime, price]
48.41278235908908;0;0.0;0;8940.0;64;travelTime;price;48.7439627011353;TRUE;Aachen;Dortmund;ptOnly;8640.0;32591.0;29.906561747098994;57.30641768024271;0;0;0.0;0.0;0;0;[db_fv];[db_fv, flixbus, car, flight, blablacar, foot, vbb, rnv, swu, aav, hvv, leipzig, mvv, vgn, vvs];1.4729524999999999;TRUE;FALSE;829;84254;[travelTime, price]
42.36754817755846;0;0.0;0;9720.0;64;travelTime;price;48.31583995217993;TRUE;Aachen;Dortmund;ptOnly;8640.0;32591.0;29.906561747098994;57.30641768024271;0;0;0.0;0.0;0;0;[db_fv];[db_fv, flixbus, car, flight, blablacar, foot, vbb, rnv, swu, aav, hvv, leipzig, mvv, vgn, vvs];1.7887283;FALSE;FALSE;984;100524;[travelTime, price]
42.36754817755846;0;0.0;0;9720.0;64;travelTime;price;47.88771720322456;TRUE;Aachen;Dortmund;ptOnly;8640.0;32591.0;29.906561747098994;57.30641768024271;0;0;0.0;0.0;0;0;[db_fv];[db_fv, flixbus, car, flight, blablacar, foot, vbb, rnv, swu, aav, hvv, leipzig, mvv, vgn, vvs];1.7887283;TRUE;FALSE;984;100524;[travelTime, price]
42.36754817755846;0;0.0;0;9720.0;64;travelTime;price;47.45959445426919;TRUE;Aachen;Dortmund;ptOnly;8640.0;32591.0;29.906561747098994;57.30641768024271;0;0;0.0;0.0;0;0;[db_fv];[db_fv, flixbus, car, flight, blablacar, foot, vbb, rnv, swu, aav, hvv, leipzig, mvv, vgn, vvs];1.7887283;TRUE;FALSE;984;100524;[travelTime, price]
42.36754817755846;0;0.0;0;9720.0;64;travelTime;price;47.03147170531382;TRUE;Aachen;Dortmund;ptOnly;8640.0;32591.0;29.906561747098994;57.30641768024271;0;0;0.0;0.0;0;0;[db_fv];[db_fv, flixbus, car, flight, blablacar, foot, vbb, rnv, swu, aav, hvv, leipzig, mvv, vgn, vvs];1.7887283;TRUE;FALSE;984;100524;[travelTime, price]
42.36754817755846;0;0.0;0;9720.0;64;travelTime;price;46.60334895635845;TRUE;Aachen;Dortmund;ptOnly;8640.0;32591.0;29.906561747098994;57.30641768024271;0;0;0.0;0.0;0;0;[db_fv];[db_fv, flixbus, car, flight, blablacar, foot, vbb, rnv, swu, aav, hvv, leipzig, mvv, vgn, vvs];1.7887283;TRUE;FALSE;984;100524;[travelTime, price]
42.36754817755846;0;0.0;0;9720.0;64;travelTime;price;46.17522620740307;TRUE;Aachen;Dortmund;ptOnly;8640.0;32591.0;29.906561747098994;57.30641768024271;0;0;0.0;0.0;0;0;[db_fv];[db_fv, flixbus, car, flight, blablacar, foot, vbb, rnv, swu, aav, hvv, leipzig, mvv, vgn, vvs];1.7887283;TRUE;FALSE;984;100524;[travelTime, price]
42.36754817755846;0;0.0;0;9720.0;64;travelTime;price;45.747103458447704;TRUE;Aachen;Dortmund;ptOnly;8640.0;32591.0;29.906561747098994;57.30641768024271;0;0;0.0;0.0;0;0;[db_fv];[db_fv, flixbus, car, flight, blablacar, foot, vbb, rnv, swu, aav, hvv, leipzig, mvv, vgn, vvs];1.7887283;TRUE;FALSE;984;100524;[travelTime, price]
42.36754817755846;0;0.0;0;9720.0;64;travelTime;price;45.31898070949234;TRUE;Aachen;Dortmund;ptOnly;8640.0;32591.0;29.906561747098994;57.30641768024271;0;0;0.0;0.0;0;0;[db_fv];[db_fv, flixbus, car, flight, blablacar, foot, vbb, rnv, swu, aav, hvv, leipzig, mvv, vgn, vvs];1.7887283;TRUE;FALSE;984;100524;[travelTime, price]
42.36754817755846;0;0.0;0;9720.0;64;travelTime;price;44.890857960536955;TRUE;Aachen;Dortmund;ptOnly;8640.0;32591.0;29.906561747098994;57.30641768024271;0;0;0.0;0.0;0;0;[db_fv];[db_fv, flixbus, car, flight, blablacar, foot, vbb, rnv, swu, aav, hvv, leipzig, mvv, vgn, vvs];1.7887283;TRUE;FALSE;984;100524;[travelTime, price]
42.36754817755846;0;0.0;0;9720.0;64;travelTime;price;44.4627352115816;TRUE;Aachen;Dortmund;ptOnly;8640.0;32591.0;29.906561747098994;57.30641768024271;0;0;0.0;0.0;0;0;[db_fv];[db_fv, flixbus, car, flight, blablacar, foot, vbb, rnv, swu, aav, hvv, leipzig, mvv, vgn, vvs];1.7887283;TRUE;FALSE;984;100524;[travelTime, price]
42.36754817755846;0;0.0;0;9720.0;64;travelTime;price;44.03461246262622;TRUE;Aachen;Dortmund;ptOnly;8640.0;32591.0;29.906561747098994;57.30641768024271;0;0;0.0;0.0;0;0;[db_fv];[db_fv, flixbus, car, flight, blablacar, foot, vbb, rnv, swu, aav, hvv, leipzig, mvv, vgn, vvs];1.7887283;TRUE;FALSE;984;100524;[travelTime, price]
42.36754817755846;0;0.0;0;9720.0;64;travelTime;price;43.606489713670854;TRUE;Aachen;Dortmund;ptOnly;8640.0;32591.0;29.906561747098994;57.30641768024271;0;0;0.0;0.0;0;0;[db_fv];[db_fv, flixbus, car, flight, blablacar, foot, vbb, rnv, swu, aav, hvv, leipzig, mvv, vgn, vvs];1.7887283;TRUE;FALSE;984;100524;[travelTime, price]
42.36754817755846;0;0.0;0;9720.0;64;travelTime;price;43.17836696471548;TRUE;Aachen;Dortmund;ptOnly;8640.0;32591.0;29.906561747098994;57.30641768024271;0;0;0.0;0.0;0;0;[db_fv];[db_fv, flixbus, car, flight, blablacar, foot, vbb, rnv, swu, aav, hvv, leipzig, mvv, vgn, vvs];1.7887283;TRUE;FALSE;984;100524;[travelTime, price]
42.36754817755846;0;0.0;0;9720.0;64;travelTime;price;42.750244215760105;TRUE;Aachen;Dortmund;ptOnly;8640.0;32591.0;29.906561747098994;57.30641768024271;0;0;0.0;0.0;0;0;[db_fv];[db_fv, flixbus, car, flight, blablacar, foot, vbb, rnv, swu, aav, hvv, leipzig, mvv, vgn, vvs];1.7887283;TRUE;FALSE;984;100524;[travelTime, price]
41.139615955342045;0;0.0;0;9720.0;64;travelTime;price;42.322121466804745;TRUE;Aachen;Dortmund;ptOnly;8640.0;32591.0;29.906561747098994;57.30641768024271;0;0;0.0;0.0;0;0;[db_fv, flixbus, db_fv];[db_fv, flixbus, car, flight, blablacar, foot, vbb, rnv, swu, aav, hvv, leipzig, mvv, vgn, vvs];1.1569862;FALSE;FALSE;885;91920;[travelTime, price]
41.139615955342045;0;0.0;0;9720.0;64;travelTime;price;41.89399871784937;TRUE;Aachen;Dortmund;ptOnly;8640.0;32591.0;29.906561747098994;57.30641768024271;0;0;0.0;0.0;0;0;[db_fv, flixbus, db_fv];[db_fv, flixbus, car, flight, blablacar, foot, vbb, rnv, swu, aav, hvv, leipzig, mvv, vgn, vvs];1.1569862;TRUE;FALSE;885;91920;[travelTime, price]
41.139615955342045;0;0.0;0;9720.0;64;travelTime;price;41.465875968894;TRUE;Aachen;Dortmund;ptOnly;8640.0;32591.0;29.906561747098994;57.30641768024271;0;0;0.0;0.0;0;0;[db_fv, flixbus, db_fv];[db_fv, flixbus, car, flight, blablacar, foot, vbb, rnv, swu, aav, hvv, leipzig, mvv, vgn, vvs];1.1569862;TRUE;FALSE;885;91920;[travelTime, price]
36.23875693413915;0;0.0;0;10991.0;64;travelTime;price;41.03775321993863;TRUE;Aachen;Dortmund;ptOnly;8640.0;32591.0;29.906561747098994;57.30641768024271;0;0;0.0;0.0;0;0;[db_fv, flixbus];[db_fv, flixbus, car, flight, blablacar, foot, vbb, rnv, swu, aav, hvv, leipzig, mvv, vgn, vvs];1.374358;FALSE;FALSE;1238;130387;[travelTime, price]
36.23875693413915;0;0.0;0;10991.0;64;travelTime;price;40.609630470983255;TRUE;Aachen;Dortmund;ptOnly;8640.0;32591.0;29.906561747098994;57.30641768024271;0;0;0.0;0.0;0;0;[db_fv, flixbus];[db_fv, flixbus, car, flight, blablacar, foot, vbb, rnv, swu, aav, hvv, leipzig, mvv, vgn, vvs];1.374358;TRUE;FALSE;1238;130387;[travelTime, price]
36.23875693413915;0;0.0;0;10991.0;64;travelTime;price;40.18150772202789;TRUE;Aachen;Dortmund;ptOnly;8640.0;32591.0;29.906561747098994;57.30641768024271;0;0;0.0;0.0;0;0;[db_fv, flixbus];[db_fv, flixbus, car, flight, blablacar, foot, vbb, rnv, swu, aav, hvv, leipzig, mvv, vgn, vvs];1.374358;TRUE;FALSE;1238;130387;[travelTime, price]
36.23875693413915;0;0.0;0;10991.0;64;travelTime;price;39.75338497307251;TRUE;Aachen;Dortmund;ptOnly;8640.0;32591.0;29.906561747098994;57.30641768024271;0;0;0.0;0.0;0;0;[db_fv, flixbus];[db_fv, flixbus, car, flight, blablacar, foot, vbb, rnv, swu, aav, hvv, leipzig, mvv, vgn, vvs];1.374358;TRUE;FALSE;1238;130387;[travelTime, price]
36.23875693413915;0;0.0;0;10991.0;64;travelTime;price;39.325262224117154;TRUE;Aachen;Dortmund;ptOnly;8640.0;32591.0;29.906561747098994;57.30641768024271;0;0;0.0;0.0;0;0;[db_fv, flixbus];[db_fv, flixbus, car, flight, blablacar, foot, vbb, rnv, swu, aav, hvv, leipzig, mvv, vgn, vvs];1.374358;TRUE;FALSE;1238;130387;[travelTime, price]
36.23875693413915;0;0.0;0;10991.0;64;travelTime;price;38.89713947516178;TRUE;Aachen;Dortmund;ptOnly;8640.0;32591.0;29.906561747098994;57.30641768024271;0;0;0.0;0.0;0;0;[db_fv, flixbus];[db_fv, flixbus, car, flight, blablacar, foot, vbb, rnv, swu, aav, hvv, leipzig, mvv, vgn, vvs];1.374358;TRUE;FALSE;1238;130387;[travelTime, price]
36.23875693413915;0;0.0;0;10991.0;64;travelTime;price;38.469016726206405;TRUE;Aachen;Dortmund;ptOnly;8640.0;32591.0;29.906561747098994;57.30641768024271;0;0;0.0;0.0;0;0;[db_fv, flixbus];[db_fv, flixbus, car, flight, blablacar, foot, vbb, rnv, swu, aav, hvv, leipzig, mvv, vgn, vvs];1.374358;TRUE;FALSE;1238;130387;[travelTime, price]
36.23875693413915;0;0.0;0;10991.0;64;travelTime;price;38.04089397725103;TRUE;Aachen;Dortmund;ptOnly;8640.0;32591.0;29.906561747098994;57.30641768024271;0;0;0.0;0.0;0;0;[db_fv, flixbus];[db_fv, flixbus, car, flight, blablacar, foot, vbb, rnv, swu, aav, hvv, leipzig, mvv, vgn, vvs];1.374358;TRUE;FALSE;1238;130387;[travelTime, price]
36.23875693413915;0;0.0;0;10991.0;64;travelTime;price;37.612771228295664;TRUE;Aachen;Dortmund;ptOnly;8640.0;32591.0;29.906561747098994;57.30641768024271;0;0;0.0;0.0;0;0;[db_fv, flixbus];[db_fv, flixbus, car, flight, blablacar, foot, vbb, rnv, swu, aav, hvv, leipzig, mvv, vgn, vvs];1.374358;TRUE;FALSE;1238;130387;[travelTime, price]
36.23875693413915;0;0.0;0;10991.0;64;travelTime;price;37.1846484793403;TRUE;Aachen;Dortmund;ptOnly;8640.0;32591.0;29.906561747098994;57.30641768024271;0;0;0.0;0.0;0;0;[db_fv, flixbus];[db_fv, flixbus, car, flight, blablacar, foot, vbb, rnv, swu, aav, hvv, leipzig, mvv, vgn, vvs];1.374358;TRUE;FALSE;1238;130387;[travelTime, price]
36.23875693413915;0;0.0;0;10991.0;64;travelTime;price;36.75652573038492;TRUE;Aachen;Dortmund;ptOnly;8640.0;32591.0;29.906561747098994;57.30641768024271;0;0;0.0;0.0;0;0;[db_fv, flixbus];[db_fv, flixbus, car, flight, blablacar, foot, vbb, rnv, swu, aav, hvv, leipzig, mvv, vgn, vvs];1.374358;TRUE;FALSE;1238;130387;[travelTime, price]
36.23875693413915;0;0.0;0;10991.0;64;travelTime;price;36.32840298142956;TRUE;Aachen;Dortmund;ptOnly;8640.0;32591.0;29.906561747098994;57.30641768024271;0;0;0.0;0.0;0;0;[db_fv, flixbus];[db_fv, flixbus, car, flight, blablacar, foot, vbb, rnv, swu, aav, hvv, leipzig, mvv, vgn, vvs];1.374358;TRUE;FALSE;1238;130387;[travelTime, price]
35.48202279984888;0;0.0;0;14820.0;64;travelTime;price;35.90028023247418;TRUE;Aachen;Dortmund;ptOnly;8640.0;32591.0;29.906561747098994;57.30641768024271;0;0;0.0;0.0;0;0;[db_fv, blablacar, db_fv];[db_fv, flixbus, car, flight, blablacar, foot, vbb, rnv, swu, aav, hvv, leipzig, mvv, vgn, vvs];1.2439118999999998;FALSE;FALSE;1519;162674;[travelTime, price]
34.493029848997736;0;0.0;0;16391.0;64;travelTime;price;35.472157483518814;TRUE;Aachen;Dortmund;ptOnly;8640.0;32591.0;29.906561747098994;57.30641768024271;0;0;0.0;0.0;0;0;[db_fv, flixbus];[db_fv, flixbus, car, flight, blablacar, foot, vbb, rnv, swu, aav, hvv, leipzig, mvv, vgn, vvs];1.5631827;FALSE;FALSE;1697;183065;[travelTime, price]
34.493029848997736;0;0.0;0;16391.0;64;travelTime;price;35.04403473456344;TRUE;Aachen;Dortmund;ptOnly;8640.0;32591.0;29.906561747098994;57.30641768024271;0;0;0.0;0.0;0;0;[db_fv, flixbus];[db_fv, flixbus, car, flight, blablacar, foot, vbb, rnv, swu, aav, hvv, leipzig, mvv, vgn, vvs];1.5631827;TRUE;FALSE;1697;183065;[travelTime, price]
34.493029848997736;0;0.0;0;16391.0;64;travelTime;price;34.61591198560807;TRUE;Aachen;Dortmund;ptOnly;8640.0;32591.0;29.906561747098994;57.30641768024271;0;0;0.0;0.0;0;0;[db_fv, flixbus];[db_fv, flixbus, car, flight, blablacar, foot, vbb, rnv, swu, aav, hvv, leipzig, mvv, vgn, vvs];1.5631827;TRUE;FALSE;1697;183065;[travelTime, price]
34.0444861987937;0;0.0;0;18120.0;64;travelTime;price;34.1877892366527;TRUE;Aachen;Dortmund;ptOnly;8640.0;32591.0;29.906561747098994;57.30641768024271;0;0;0.0;0.0;0;0;[db_fv, blablacar, db_fv];[db_fv, flixbus, car, flight, blablacar, foot, vbb, rnv, swu, aav, hvv, leipzig, mvv, vgn, vvs];1.1127268999999997;FALSE;FALSE;1695;188605;[travelTime, price]
29.906561747098994;0;0.0;0;19391.0;64;travelTime;price;33.75966648769733;TRUE;Aachen;Dortmund;ptOnly;8640.0;32591.0;29.906561747098994;57.30641768024271;0;0;0.0;0.0;0;0;[db_fv, blablacar, flixbus];[db_fv, flixbus, car, flight, blablacar, foot, vbb, rnv, swu, aav, hvv, leipzig, mvv, vgn, vvs];1.1580495000000002;FALSE;FALSE;1829;206573;[travelTime, price]
29.906561747098994;0;0.0;0;19391.0;64;travelTime;price;33.33154373874196;TRUE;Aachen;Dortmund;ptOnly;8640.0;32591.0;29.906561747098994;57.30641768024271;0;0;0.0;0.0;0;0;[db_fv, blablacar, flixbus];[db_fv, flixbus, car, flight, blablacar, foot, vbb, rnv, swu, aav, hvv, leipzig, mvv, vgn, vvs];1.1580495000000002;TRUE;FALSE;1829;206573;[travelTime, price]
29.906561747098994;0;0.0;0;19391.0;64;travelTime;price;32.90342098978659;TRUE;Aachen;Dortmund;ptOnly;8640.0;32591.0;29.906561747098994;57.30641768024271;0;0;0.0;0.0;0;0;[db_fv, blablacar, flixbus];[db_fv, flixbus, car, flight, blablacar, foot, vbb, rnv, swu, aav, hvv, leipzig, mvv, vgn, vvs];1.1580495000000002;TRUE;FALSE;1829;206573;[travelTime, price]
29.906561747098994;0;0.0;0;19391.0;64;travelTime;price;32.475298240831215;TRUE;Aachen;Dortmund;ptOnly;8640.0;32591.0;29.906561747098994;57.30641768024271;0;0;0.0;0.0;0;0;[db_fv, blablacar, flixbus];[db_fv, flixbus, car, flight, blablacar, foot, vbb, rnv, swu, aav, hvv, leipzig, mvv, vgn, vvs];1.1580495000000002;TRUE;FALSE;1829;206573;[travelTime, price]
29.906561747098994;0;0.0;0;19391.0;64;travelTime;price;32.047175491875855;TRUE;Aachen;Dortmund;ptOnly;8640.0;32591.0;29.906561747098994;57.30641768024271;0;0;0.0;0.0;0;0;[db_fv, blablacar, flixbus];[db_fv, flixbus, car, flight, blablacar, foot, vbb, rnv, swu, aav, hvv, leipzig, mvv, vgn, vvs];1.1580495000000002;TRUE;FALSE;1829;206573;[travelTime, price]
29.906561747098994;0;0.0;0;19391.0;64;travelTime;price;31.61905274292048;TRUE;Aachen;Dortmund;ptOnly;8640.0;32591.0;29.906561747098994;57.30641768024271;0;0;0.0;0.0;0;0;[db_fv, blablacar, flixbus];[db_fv, flixbus, car, flight, blablacar, foot, vbb, rnv, swu, aav, hvv, leipzig, mvv, vgn, vvs];1.1580495000000002;TRUE;FALSE;1829;206573;[travelTime, price]
29.906561747098994;0;0.0;0;19391.0;64;travelTime;price;31.190929993965106;TRUE;Aachen;Dortmund;ptOnly;8640.0;32591.0;29.906561747098994;57.30641768024271;0;0;0.0;0.0;0;0;[db_fv, blablacar, flixbus];[db_fv, flixbus, car, flight, blablacar, foot, vbb, rnv, swu, aav, hvv, leipzig, mvv, vgn, vvs];1.1580495000000002;TRUE;FALSE;1829;206573;[travelTime, price]
29.906561747098994;0;0.0;0;19391.0;64;travelTime;price;30.762807245009732;TRUE;Aachen;Dortmund;ptOnly;8640.0;32591.0;29.906561747098994;57.30641768024271;0;0;0.0;0.0;0;0;[db_fv, blablacar, flixbus];[db_fv, flixbus, car, flight, blablacar, foot, vbb, rnv, swu, aav, hvv, leipzig, mvv, vgn, vvs];1.1580495000000002;TRUE;FALSE;1829;206573;[travelTime, price]
29.906561747098994;0;0.0;0;19391.0;64;travelTime;price;30.334684496054365;TRUE;Aachen;Dortmund;ptOnly;8640.0;32591.0;29.906561747098994;57.30641768024271;0;0;0.0;0.0;0;0;[db_fv, blablacar, flixbus];[db_fv, flixbus, car, flight, blablacar, foot, vbb, rnv, swu, aav, hvv, leipzig, mvv, vgn, vvs];1.1580495000000002;TRUE;FALSE;1829;206573;[travelTime, price]
29.906561747098994;0;0.0;0;19391.0;64;travelTime;price;29.906561747098994;TRUE;Aachen;Dortmund;ptOnly;8640.0;32591.0;29.906561747098994;57.30641768024271;0;0;0.0;0.0;0;0;[db_fv, blablacar, flixbus];[db_fv, flixbus, car, flight, blablacar, foot, vbb, rnv, swu, aav, hvv, leipzig, mvv, vgn, vvs];1.1580495000000002;TRUE;FALSE;1829;206573;[travelTime, price]
29.906561747098994;0;0.0;0;29.906561747098994;32;price;travelTime;32591.0;TRUE;Aachen;Dortmund;ptOnly;8640.0;32591.0;29.906561747098994;57.30641768024271;0;0;0.0;0.0;0;0;[db_fv, blablacar, flixbus];[db_fv, flixbus, car, flight, blablacar, foot, vbb, rnv, swu, aav, hvv, leipzig, mvv, vgn, vvs];0.48665920000000007;FALSE;TRUE;1865;82337;[travelTime, price]
29.906561747098994;0;0.0;0;29.906561747098994;32;price;travelTime;31842.53125;TRUE;Aachen;Dortmund;ptOnly;8640.0;32591.0;29.906561747098994;57.30641768024271;0;0;0.0;0.0;0;0;[db_fv, blablacar, flixbus];[db_fv, flixbus, car, flight, blablacar, foot, vbb, rnv, swu, aav, hvv, leipzig, mvv, vgn, vvs];0.1790777;FALSE;FALSE;1308;111896;[travelTime, price]
29.906561747098994;0;0.0;0;29.906561747098994;32;price;travelTime;31094.0625;TRUE;Aachen;Dortmund;ptOnly;8640.0;32591.0;29.906561747098994;57.30641768024271;0;0;0.0;0.0;0;0;[db_fv, blablacar, flixbus];[db_fv, flixbus, car, flight, blablacar, foot, vbb, rnv, swu, aav, hvv, leipzig, mvv, vgn, vvs];0.1790777;TRUE;FALSE;1308;111896;[travelTime, price]
29.906561747098994;0;0.0;0;29.906561747098994;32;price;travelTime;30345.59375;TRUE;Aachen;Dortmund;ptOnly;8640.0;32591.0;29.906561747098994;57.30641768024271;0;0;0.0;0.0;0;0;[db_fv, blablacar, flixbus];[db_fv, flixbus, car, flight, blablacar, foot, vbb, rnv, swu, aav, hvv, leipzig, mvv, vgn, vvs];0.1790777;TRUE;FALSE;1308;111896;[travelTime, price]
29.906561747098994;0;0.0;0;29.906561747098994;32;price;travelTime;29597.125;TRUE;Aachen;Dortmund;ptOnly;8640.0;32591.0;29.906561747098994;57.30641768024271;0;0;0.0;0.0;0;0;[db_fv, blablacar, flixbus];[db_fv, flixbus, car, flight, blablacar, foot, vbb, rnv, swu, aav, hvv, leipzig, mvv, vgn, vvs];0.1790777;TRUE;FALSE;1308;111896;[travelTime, price]
29.906561747098994;0;0.0;0;29.906561747098994;32;price;travelTime;28848.65625;TRUE;Aachen;Dortmund;ptOnly;8640.0;32591.0;29.906561747098994;57.30641768024271;0;0;0.0;0.0;0;0;[db_fv, blablacar, flixbus];[db_fv, flixbus, car, flight, blablacar, foot, vbb, rnv, swu, aav, hvv, leipzig, mvv, vgn, vvs];0.1790777;TRUE;FALSE;1308;111896;[travelTime, price]
29.906561747098994;0;0.0;0;29.906561747098994;32;price;travelTime;28100.1875;TRUE;Aachen;Dortmund;ptOnly;8640.0;32591.0;29.906561747098994;57.30641768024271;0;0;0.0;0.0;0;0;[db_fv, blablacar, flixbus];[db_fv, flixbus, car, flight, blablacar, foot, vbb, rnv, swu, aav, hvv, leipzig, mvv, vgn, vvs];0.1790777;TRUE;FALSE;1308;111896;[travelTime, price]
29.906561747098994;0;0.0;0;29.906561747098994;32;price;travelTime;27351.71875;TRUE;Aachen;Dortmund;ptOnly;8640.0;32591.0;29.906561747098994;57.30641768024271;0;0;0.0;0.0;0;0;[db_fv, blablacar, flixbus];[db_fv, flixbus, car, flight, blablacar, foot, vbb, rnv, swu, aav, hvv, leipzig, mvv, vgn, vvs];0.1790777;TRUE;FALSE;1308;111896;[travelTime, price]
29.906561747098994;0;0.0;0;29.906561747098994;32;price;travelTime;26603.25;TRUE;Aachen;Dortmund;ptOnly;8640.0;32591.0;29.906561747098994;57.30641768024271;0;0;0.0;0.0;0;0;[db_fv, blablacar, flixbus];[db_fv, flixbus, car, flight, blablacar, foot, vbb, rnv, swu, aav, hvv, leipzig, mvv, vgn, vvs];0.1790777;TRUE;FALSE;1308;111896;[travelTime, price]
29.906561747098994;0;0.0;0;29.906561747098994;32;price;travelTime;25854.78125;TRUE;Aachen;Dortmund;ptOnly;8640.0;32591.0;29.906561747098994;57.30641768024271;0;0;0.0;0.0;0;0;[db_fv, blablacar, flixbus];[db_fv, flixbus, car, flight, blablacar, foot, vbb, rnv, swu, aav, hvv, leipzig, mvv, vgn, vvs];0.1790777;TRUE;FALSE;1308;111896;[travelTime, price]
29.906561747098994;0;0.0;0;29.906561747098994;32;price;travelTime;25106.3125;TRUE;Aachen;Dortmund;ptOnly;8640.0;32591.0;29.906561747098994;57.30641768024271;0;0;0.0;0.0;0;0;[db_fv, blablacar, flixbus];[db_fv, flixbus, car, flight, blablacar, foot, vbb, rnv, swu, aav, hvv, leipzig, mvv, vgn, vvs];0.1790777;TRUE;FALSE;1308;111896;[travelTime, price]
29.906561747098994;0;0.0;0;29.906561747098994;32;price;travelTime;24357.84375;TRUE;Aachen;Dortmund;ptOnly;8640.0;32591.0;29.906561747098994;57.30641768024271;0;0;0.0;0.0;0;0;[db_fv, blablacar, flixbus];[db_fv, flixbus, car, flight, blablacar, foot, vbb, rnv, swu, aav, hvv, leipzig, mvv, vgn, vvs];0.1790777;TRUE;FALSE;1308;111896;[travelTime, price]
29.906561747098994;0;0.0;0;29.906561747098994;32;price;travelTime;23609.375;TRUE;Aachen;Dortmund;ptOnly;8640.0;32591.0;29.906561747098994;57.30641768024271;0;0;0.0;0.0;0;0;[db_fv, blablacar, flixbus];[db_fv, flixbus, car, flight, blablacar, foot, vbb, rnv, swu, aav, hvv, leipzig, mvv, vgn, vvs];0.1790777;TRUE;FALSE;1308;111896;[travelTime, price]
29.906561747098994;0;0.0;0;29.906561747098994;32;price;travelTime;22860.90625;TRUE;Aachen;Dortmund;ptOnly;8640.0;32591.0;29.906561747098994;57.30641768024271;0;0;0.0;0.0;0;0;[db_fv, blablacar, flixbus];[db_fv, flixbus, car, flight, blablacar, foot, vbb, rnv, swu, aav, hvv, leipzig, mvv, vgn, vvs];0.1790777;TRUE;FALSE;1308;111896;[travelTime, price]
29.906561747098994;0;0.0;0;29.906561747098994;32;price;travelTime;22112.4375;TRUE;Aachen;Dortmund;ptOnly;8640.0;32591.0;29.906561747098994;57.30641768024271;0;0;0.0;0.0;0;0;[db_fv, blablacar, flixbus];[db_fv, flixbus, car, flight, blablacar, foot, vbb, rnv, swu, aav, hvv, leipzig, mvv, vgn, vvs];0.1790777;TRUE;FALSE;1308;111896;[travelTime, price]
29.906561747098994;0;0.0;0;29.906561747098994;32;price;travelTime;21363.96875;TRUE;Aachen;Dortmund;ptOnly;8640.0;32591.0;29.906561747098994;57.30641768024271;0;0;0.0;0.0;0;0;[db_fv, blablacar, flixbus];[db_fv, flixbus, car, flight, blablacar, foot, vbb, rnv, swu, aav, hvv, leipzig, mvv, vgn, vvs];0.1790777;TRUE;FALSE;1308;111896;[travelTime, price]
29.906561747098994;0;0.0;0;29.906561747098994;32;price;travelTime;20615.5;TRUE;Aachen;Dortmund;ptOnly;8640.0;32591.0;29.906561747098994;57.30641768024271;0;0;0.0;0.0;0;0;[db_fv, blablacar, flixbus];[db_fv, flixbus, car, flight, blablacar, foot, vbb, rnv, swu, aav, hvv, leipzig, mvv, vgn, vvs];0.1790777;TRUE;FALSE;1308;111896;[travelTime, price]
29.906561747098994;0;0.0;0;29.906561747098994;32;price;travelTime;19867.03125;TRUE;Aachen;Dortmund;ptOnly;8640.0;32591.0;29.906561747098994;57.30641768024271;0;0;0.0;0.0;0;0;[db_fv, blablacar, flixbus];[db_fv, flixbus, car, flight, blablacar, foot, vbb, rnv, swu, aav, hvv, leipzig, mvv, vgn, vvs];0.1206019;FALSE;FALSE;757;63223;[travelTime, price]
34.0444861987937;0;0.0;0;34.0444861987937;32;price;travelTime;19118.5625;TRUE;Aachen;Dortmund;ptOnly;8640.0;32591.0;29.906561747098994;57.30641768024271;0;0;0.0;0.0;0;0;[db_fv, blablacar, db_fv];[db_fv, flixbus, car, flight, blablacar, foot, vbb, rnv, swu, aav, hvv, leipzig, mvv, vgn, vvs];0.8137039;FALSE;FALSE;1739;188319;[travelTime, price]
34.0444861987937;0;0.0;0;34.0444861987937;32;price;travelTime;18370.09375;TRUE;Aachen;Dortmund;ptOnly;8640.0;32591.0;29.906561747098994;57.30641768024271;0;0;0.0;0.0;0;0;[db_fv, blablacar, db_fv];[db_fv, flixbus, car, flight, blablacar, foot, vbb, rnv, swu, aav, hvv, leipzig, mvv, vgn, vvs];0.8137039;TRUE;FALSE;1739;188319;[travelTime, price]
34.49298371463477;0;0.0;0;34.49298371463477;32;price;travelTime;17621.625;TRUE;Aachen;Dortmund;ptOnly;8640.0;32591.0;29.906561747098994;57.30641768024271;0;0;0.0;0.0;0;0;[db_fv, flixbus];[db_fv, flixbus, car, flight, blablacar, foot, vbb, rnv, swu, aav, hvv, leipzig, mvv, vgn, vvs];1.3161690000000001;FALSE;FALSE;1644;178302;[travelTime, price]
34.49298371463477;0;0.0;0;34.49298371463477;32;price;travelTime;16873.15625;TRUE;Aachen;Dortmund;ptOnly;8640.0;32591.0;29.906561747098994;57.30641768024271;0;0;0.0;0.0;0;0;[db_fv, flixbus];[db_fv, flixbus, car, flight, blablacar, foot, vbb, rnv, swu, aav, hvv, leipzig, mvv, vgn, vvs];1.3161690000000001;TRUE;FALSE;1644;178302;[travelTime, price]
35.48202279984888;0;0.0;0;35.48202279984888;32;price;travelTime;16124.6875;TRUE;Aachen;Dortmund;ptOnly;8640.0;32591.0;29.906561747098994;57.30641768024271;0;0;0.0;0.0;0;0;[db_fv, blablacar, db_fv];[db_fv, flixbus, car, flight, blablacar, foot, vbb, rnv, swu, aav, hvv, leipzig, mvv, vgn, vvs];0.7180122;FALSE;FALSE;1646;175342;[travelTime, price]
35.48202279984888;0;0.0;0;35.48202279984888;32;price;travelTime;15376.21875;TRUE;Aachen;Dortmund;ptOnly;8640.0;32591.0;29.906561747098994;57.30641768024271;0;0;0.0;0.0;0;0;[db_fv, blablacar, db_fv];[db_fv, flixbus, car, flight, blablacar, foot, vbb, rnv, swu, aav, hvv, leipzig, mvv, vgn, vvs];0.7180122;TRUE;FALSE;1646;175342;[travelTime, price]
36.23875693413915;0;0.0;0;36.23875693413915;32;price;travelTime;14627.75;TRUE;Aachen;Dortmund;ptOnly;8640.0;32591.0;29.906561747098994;57.30641768024271;0;0;0.0;0.0;0;0;[db_fv, flixbus];[db_fv, flixbus, car, flight, blablacar, foot, vbb, rnv, swu, aav, hvv, leipzig, mvv, vgn, vvs];0.8110052;FALSE;FALSE;1692;182241;[travelTime, price]
36.23875693413915;0;0.0;0;36.23875693413915;32;price;travelTime;13879.28125;TRUE;Aachen;Dortmund;ptOnly;8640.0;32591.0;29.906561747098994;57.30641768024271;0;0;0.0;0.0;0;0;[db_fv, flixbus];[db_fv, flixbus, car, flight, blablacar, foot, vbb, rnv, swu, aav, hvv, leipzig, mvv, vgn, vvs];0.5936555;FALSE;FALSE;1589;173902;[travelTime, price]
36.23875693413915;0;0.0;0;36.23875693413915;32;price;travelTime;13130.8125;TRUE;Aachen;Dortmund;ptOnly;8640.0;32591.0;29.906561747098994;57.30641768024271;0;0;0.0;0.0;0;0;[db_fv, flixbus];[db_fv, flixbus, car, flight, blablacar, foot, vbb, rnv, swu, aav, hvv, leipzig, mvv, vgn, vvs];0.5936555;TRUE;FALSE;1589;173902;[travelTime, price]
36.23875693413915;0;0.0;0;36.23875693413915;32;price;travelTime;12382.34375;TRUE;Aachen;Dortmund;ptOnly;8640.0;32591.0;29.906561747098994;57.30641768024271;0;0;0.0;0.0;0;0;[db_fv, flixbus];[db_fv, flixbus, car, flight, blablacar, foot, vbb, rnv, swu, aav, hvv, leipzig, mvv, vgn, vvs];0.5936555;TRUE;FALSE;1589;173902;[travelTime, price]
36.23875693413915;0;0.0;0;36.23875693413915;32;price;travelTime;11633.875;TRUE;Aachen;Dortmund;ptOnly;8640.0;32591.0;29.906561747098994;57.30641768024271;0;0;0.0;0.0;0;0;[db_fv, flixbus];[db_fv, flixbus, car, flight, blablacar, foot, vbb, rnv, swu, aav, hvv, leipzig, mvv, vgn, vvs];0.3020813;FALSE;FALSE;1150;127296;[travelTime, price]
41.139615955342045;0;0.0;0;41.139615955342045;32;price;travelTime;10885.40625;TRUE;Aachen;Dortmund;ptOnly;8640.0;32591.0;29.906561747098994;57.30641768024271;0;0;0.0;0.0;0;0;[db_fv, flixbus, db_fv];[db_fv, flixbus, car, flight, blablacar, foot, vbb, rnv, swu, aav, hvv, leipzig, mvv, vgn, vvs];0.5418801999999999;FALSE;FALSE;1217;128769;[travelTime, price]
41.139615955342045;0;0.0;0;41.139615955342045;32;price;travelTime;10136.9375;TRUE;Aachen;Dortmund;ptOnly;8640.0;32591.0;29.906561747098994;57.30641768024271;0;0;0.0;0.0;0;0;[db_fv, flixbus, db_fv];[db_fv, flixbus, car, flight, blablacar, foot, vbb, rnv, swu, aav, hvv, leipzig, mvv, vgn, vvs];0.5418801999999999;TRUE;FALSE;1217;128769;[travelTime, price]
48.41278235908908;0;0.0;0;48.41278235908908;32;price;travelTime;9388.46875;TRUE;Aachen;Dortmund;ptOnly;8640.0;32591.0;29.906561747098994;57.30641768024271;0;0;0.0;0.0;0;0;[db_fv];[db_fv, flixbus, car, flight, blablacar, foot, vbb, rnv, swu, aav, hvv, leipzig, mvv, vgn, vvs];0.8082199999999999;FALSE;FALSE;937;95939;[travelTime, price]
57.30641768024271;0;0.0;0;57.30641768024271;32;price;travelTime;8640.0;TRUE;Aachen;Dortmund;ptOnly;8640.0;32591.0;29.906561747098994;57.30641768024271;0;0;0.0;0.0;0;0;[db_fv];[db_fv, flixbus, car, flight, blablacar, foot, vbb, rnv, swu, aav, hvv, leipzig, mvv, vgn, vvs];0.3824755;FALSE;FALSE;791;79250;[travelTime, price]
57.30641768024271;0;0.0;0;8640.0;32;travelTime;price;57.30641768024271;TRUE;Aachen;Dortmund;ptOnly;8640.0;32591.0;29.906561747098994;57.30641768024271;0;0;0.0;0.0;0;0;[db_fv];[db_fv, flixbus, car, flight, blablacar, foot, vbb, rnv, swu, aav, hvv, leipzig, mvv, vgn, vvs];1.7385234;FALSE;TRUE;833;79250;[travelTime, price]
48.41278235908908;0;0.0;0;8940.0;32;travelTime;price;56.450172182331976;TRUE;Aachen;Dortmund;ptOnly;8640.0;32591.0;29.906561747098994;57.30641768024271;0;0;0.0;0.0;0;0;[db_fv];[db_fv, flixbus, car, flight, blablacar, foot, vbb, rnv, swu, aav, hvv, leipzig, mvv, vgn, vvs];1.2822665000000002;FALSE;FALSE;828;84250;[travelTime, price]
48.41278235908908;0;0.0;0;8940.0;32;travelTime;price;55.59392668442123;TRUE;Aachen;Dortmund;ptOnly;8640.0;32591.0;29.906561747098994;57.30641768024271;0;0;0.0;0.0;0;0;[db_fv];[db_fv, flixbus, car, flight, blablacar, foot, vbb, rnv, swu, aav, hvv, leipzig, mvv, vgn, vvs];1.2822665000000002;TRUE;FALSE;828;84250;[travelTime, price]
48.41278235908908;0;0.0;0;8940.0;32;travelTime;price;54.73768118651049;TRUE;Aachen;Dortmund;ptOnly;8640.0;32591.0;29.906561747098994;57.30641768024271;0;0;0.0;0.0;0;0;[db_fv];[db_fv, flixbus, car, flight, blablacar, foot, vbb, rnv, swu, aav, hvv, leipzig, mvv, vgn, vvs];1.2822665000000002;TRUE;FALSE;828;84250;[travelTime, price]
48.41278235908908;0;0.0;0;8940.0;32;travelTime;price;53.88143568859974;TRUE;Aachen;Dortmund;ptOnly;8640.0;32591.0;29.906561747098994;57.30641768024271;0;0;0.0;0.0;0;0;[db_fv];[db_fv, flixbus, car, flight, blablacar, foot, vbb, rnv, swu, aav, hvv, leipzig, mvv, vgn, vvs];1.2822665000000002;TRUE;FALSE;828;84250;[travelTime, price]
48.41278235908908;0;0.0;0;8940.0;32;travelTime;price;53.025190190689;TRUE;Aachen;Dortmund;ptOnly;8640.0;32591.0;29.906561747098994;57.30641768024271;0;0;0.0;0.0;0;0;[db_fv];[db_fv, flixbus, car, flight, blablacar, foot, vbb, rnv, swu, aav, hvv, leipzig, mvv, vgn, vvs];1.2822665000000002;TRUE;FALSE;828;84250;[travelTime, price]
48.41278235908908;0;0.0;0;8940.0;32;travelTime;price;52.168944692778275;TRUE;Aachen;Dortmund;ptOnly;8640.0;32591.0;29.906561747098994;57.30641768024271;0;0;0.0;0.0;0;0;[db_fv];[db_fv, flixbus, car, flight, blablacar, foot, vbb, rnv, swu, aav, hvv, leipzig, mvv, vgn, vvs];1.2822665000000002;TRUE;FALSE;828;84250;[travelTime, price]
48.41278235908908;0;0.0;0;8940.0;32;travelTime;price;51.31269919486753;TRUE;Aachen;Dortmund;ptOnly;8640.0;32591.0;29.906561747098994;57.30641768024271;0;0;0.0;0.0;0;0;[db_fv];[db_fv, flixbus, car, flight, blablacar, foot, vbb, rnv, swu, aav, hvv, leipzig, mvv, vgn, vvs];1.2822665000000002;TRUE;FALSE;828;84250;[travelTime, price]
48.41278235908908;0;0.0;0;8940.0;32;travelTime;price;50.456453696956785;TRUE;Aachen;Dortmund;ptOnly;8640.0;32591.0;29.906561747098994;57.30641768024271;0;0;0.0;0.0;0;0;[db_fv];[db_fv, flixbus, car, flight, blablacar, foot, vbb, rnv, swu, aav, hvv, leipzig, mvv, vgn, vvs];1.2822665000000002;TRUE;FALSE;828;84250;[travelTime, price]
48.41278235908908;0;0.0;0;8940.0;32;travelTime;price;49.60020819904604;TRUE;Aachen;Dortmund;ptOnly;8640.0;32591.0;29.906561747098994;57.30641768024271;0;0;0.0;0.0;0;0;[db_fv];[db_fv, flixbus, car, flight, blablacar, foot, vbb, rnv, swu, aav, hvv, leipzig, mvv, vgn, vvs];1.2822665000000002;TRUE;FALSE;828;84250;[travelTime, price]
48.41278235908908;0;0.0;0;8940.0;32;travelTime;price;48.7439627011353;TRUE;Aachen;Dortmund;ptOnly;8640.0;32591.0;29.906561747098994;57.30641768024271;0;0;0.0;0.0;0;0;[db_fv];[db_fv, flixbus, car, flight, blablacar, foot, vbb, rnv, swu, aav, hvv, leipzig, mvv, vgn, vvs];1.2822665000000002;TRUE;FALSE;828;84250;[travelTime, price]
42.36754817755846;0;0.0;0;9720.0;32;travelTime;price;47.88771720322456;TRUE;Aachen;Dortmund;ptOnly;8640.0;32591.0;29.906561747098994;57.30641768024271;0;0;0.0;0.0;0;0;[db_fv];[db_fv, flixbus, car, flight, blablacar, foot, vbb, rnv, swu, aav, hvv, leipzig, mvv, vgn, vvs];2.5365395;FALSE;FALSE;984;100524;[travelTime, price]
42.36754817755846;0;0.0;0;9720.0;32;travelTime;price;47.03147170531382;TRUE;Aachen;Dortmund;ptOnly;8640.0;32591.0;29.906561747098994;57.30641768024271;0;0;0.0;0.0;0;0;[db_fv];[db_fv, flixbus, car, flight, blablacar, foot, vbb, rnv, swu, aav, hvv, leipzig, mvv, vgn, vvs];2.5365395;TRUE;FALSE;984;100524;[travelTime, price]
42.36754817755846;0;0.0;0;9720.0;32;travelTime;price;46.17522620740307;TRUE;Aachen;Dortmund;ptOnly;8640.0;32591.0;29.906561747098994;57.30641768024271;0;0;0.0;0.0;0;0;[db_fv];[db_fv, flixbus, car, flight, blablacar, foot, vbb, rnv, swu, aav, hvv, leipzig, mvv, vgn, vvs];2.5365395;TRUE;FALSE;984;100524;[travelTime, price]
42.36754817755846;0;0.0;0;9720.0;32;travelTime;price;45.31898070949234;TRUE;Aachen;Dortmund;ptOnly;8640.0;32591.0;29.906561747098994;57.30641768024271;0;0;0.0;0.0;0;0;[db_fv];[db_fv, flixbus, car, flight, blablacar, foot, vbb, rnv, swu, aav, hvv, leipzig, mvv, vgn, vvs];2.5365395;TRUE;FALSE;984;100524;[travelTime, price]
42.36754817755846;0;0.0;0;9720.0;32;travelTime;price;44.4627352115816;TRUE;Aachen;Dortmund;ptOnly;8640.0;32591.0;29.906561747098994;57.30641768024271;0;0;0.0;0.0;0;0;[db_fv];[db_fv, flixbus, car, flight, blablacar, foot, vbb, rnv, swu, aav, hvv, leipzig, mvv, vgn, vvs];2.5365395;TRUE;FALSE;984;100524;[travelTime, price]
42.36754817755846;0;0.0;0;9720.0;32;travelTime;price;43.606489713670854;TRUE;Aachen;Dortmund;ptOnly;8640.0;32591.0;29.906561747098994;57.30641768024271;0;0;0.0;0.0;0;0;[db_fv];[db_fv, flixbus, car, flight, blablacar, foot, vbb, rnv, swu, aav, hvv, leipzig, mvv, vgn, vvs];2.5365395;TRUE;FALSE;984;100524;[travelTime, price]
42.36754817755846;0;0.0;0;9720.0;32;travelTime;price;42.750244215760105;TRUE;Aachen;Dortmund;ptOnly;8640.0;32591.0;29.906561747098994;57.30641768024271;0;0;0.0;0.0;0;0;[db_fv];[db_fv, flixbus, car, flight, blablacar, foot, vbb, rnv, swu, aav, hvv, leipzig, mvv, vgn, vvs];2.5365395;TRUE;FALSE;984;100524;[travelTime, price]
41.139615955342045;0;0.0;0;9720.0;32;travelTime;price;41.89399871784937;TRUE;Aachen;Dortmund;ptOnly;8640.0;32591.0;29.906561747098994;57.30641768024271;0;0;0.0;0.0;0;0;[db_fv, flixbus, db_fv];[db_fv, flixbus, car, flight, blablacar, foot, vbb, rnv, swu, aav, hvv, leipzig, mvv, vgn, vvs];1.2790731000000002;FALSE;FALSE;871;91282;[travelTime, price]
36.23875693413915;0;0.0;0;10991.0;32;travelTime;price;41.03775321993863;TRUE;Aachen;Dortmund;ptOnly;8640.0;32591.0;29.906561747098994;57.30641768024271;0;0;0.0;0.0;0;0;[db_fv, flixbus];[db_fv, flixbus, car, flight, blablacar, foot, vbb, rnv, swu, aav, hvv, leipzig, mvv, vgn, vvs];1.3897901000000001;FALSE;FALSE;1238;130387;[travelTime, price]
36.23875693413915;0;0.0;0;10991.0;32;travelTime;price;40.18150772202789;TRUE;Aachen;Dortmund;ptOnly;8640.0;32591.0;29.906561747098994;57.30641768024271;0;0;0.0;0.0;0;0;[db_fv, flixbus];[db_fv, flixbus, car, flight, blablacar, foot, vbb, rnv, swu, aav, hvv, leipzig, mvv, vgn, vvs];1.3897901000000001;TRUE;FALSE;1238;130387;[travelTime, price]
36.23875693413915;0;0.0;0;10991.0;32;travelTime;price;39.325262224117154;TRUE;Aachen;Dortmund;ptOnly;8640.0;32591.0;29.906561747098994;57.30641768024271;0;0;0.0;0.0;0;0;[db_fv, flixbus];[db_fv, flixbus, car, flight, blablacar, foot, vbb, rnv, swu, aav, hvv, leipzig, mvv, vgn, vvs];1.3897901000000001;TRUE;FALSE;1238;130387;[travelTime, price]
36.23875693413915;0;0.0;0;10991.0;32;travelTime;price;38.469016726206405;TRUE;Aachen;Dortmund;ptOnly;8640.0;32591.0;29.906561747098994;57.30641768024271;0;0;0.0;0.0;0;0;[db_fv, flixbus];[db_fv, flixbus, car, flight, blablacar, foot, vbb, rnv, swu, aav, hvv, leipzig, mvv, vgn, vvs];1.3897901000000001;TRUE;FALSE;1238;130387;[travelTime, price]
36.23875693413915;0;0.0;0;10991.0;32;travelTime;price;37.612771228295664;TRUE;Aachen;Dortmund;ptOnly;8640.0;32591.0;29.906561747098994;57.30641768024271;0;0;0.0;0.0;0;0;[db_fv, flixbus];[db_fv, flixbus, car, flight, blablacar, foot, vbb, rnv, swu, aav, hvv, leipzig, mvv, vgn, vvs];1.3897901000000001;TRUE;FALSE;1238;130387;[travelTime, price]
36.23875693413915;0;0.0;0;10991.0;32;travelTime;price;36.75652573038492;TRUE;Aachen;Dortmund;ptOnly;8640.0;32591.0;29.906561747098994;57.30641768024271;0;0;0.0;0.0;0;0;[db_fv, flixbus];[db_fv, flixbus, car, flight, blablacar, foot, vbb, rnv, swu, aav, hvv, leipzig, mvv, vgn, vvs];1.3897901000000001;TRUE;FALSE;1238;130387;[travelTime, price]
35.48202279984888;0;0.0;0;14820.0;32;travelTime;price;35.90028023247418;TRUE;Aachen;Dortmund;ptOnly;8640.0;32591.0;29.906561747098994;57.30641768024271;0;0;0.0;0.0;0;0;[db_fv, blablacar, db_fv];[db_fv, flixbus, car, flight, blablacar, foot, vbb, rnv, swu, aav, hvv, leipzig, mvv, vgn, vvs];2.0387942;FALSE;FALSE;1519;162674;[travelTime, price]
34.493029848997736;0;0.0;0;16391.0;32;travelTime;price;35.04403473456344;TRUE;Aachen;Dortmund;ptOnly;8640.0;32591.0;29.906561747098994;57.30641768024271;0;0;0.0;0.0;0;0;[db_fv, flixbus];[db_fv, flixbus, car, flight, blablacar, foot, vbb, rnv, swu, aav, hvv, leipzig, mvv, vgn, vvs];1.3605408;FALSE;FALSE;1686;182399;[travelTime, price]
34.0444861987937;0;0.0;0;18120.0;32;travelTime;price;34.1877892366527;TRUE;Aachen;Dortmund;ptOnly;8640.0;32591.0;29.906561747098994;57.30641768024271;0;0;0.0;0.0;0;0;[db_fv, blablacar, db_fv];[db_fv, flixbus, car, flight, blablacar, foot, vbb, rnv, swu, aav, hvv, leipzig, mvv, vgn, vvs];1.5774528;FALSE;FALSE;1695;188605;[travelTime, price]
29.906561747098994;0;0.0;0;19391.0;32;travelTime;price;33.33154373874196;TRUE;Aachen;Dortmund;ptOnly;8640.0;32591.0;29.906561747098994;57.30641768024271;0;0;0.0;0.0;0;0;[db_fv, blablacar, flixbus];[db_fv, flixbus, car, flight, blablacar, foot, vbb, rnv, swu, aav, hvv, leipzig, mvv, vgn, vvs];2.1091521;FALSE;FALSE;1817;206109;[travelTime, price]